distance_m,LAeq_dB
10.0,71.99731334607922
20.0,69.95124841734076
50.0,64.3435936075208
100.0,58.77301746947304
