distance_m,LAeq_dB
10.0,72.02272674221602
20.0,69.9767488744825
50.0,64.36935531920929
100.0,58.79921484138622
