distance_m,LAeq_dB
10.0,71.99573131730813
20.0,69.9497534495746
50.0,64.34235989430141
100.0,58.77221941647832
