distance_m,LAeq_dB
10.0,71.99753890017348
20.0,69.95156103243995
50.0,64.34416747716676
100.0,58.77402699934367
