distance_m,LAeq_dB
10.0,71.70388670499375
20.0,69.65790883726024
50.0,64.05051528198703
100.0,58.480374804163944
