size_bin,median,mean,count
Tiny,,,
Small,,,
Medium,0.0018999999999999998,0.020977083333333337,96.0
Large,0.033,0.052785000000000006,160.0
