config_id,prop,shroud,liner,isolation,added_mass_g,rpm_hover,bpf_hz,LAeq_10m_dB,LAeq_20m_dB,LAeq_50m_dB,LAeq_100m_dB,delta_LAeq_50m_dB_vs_first,benefit_per_gram_dB_per_g
baseline,stock_prop,none,off,off,0.0,848971.6620763316,28299.055402544385,71.99753890017348,69.95156103243995,64.34416747716676,58.77402699934367,0.0,
low_noise,quiet_prop,none,off,off,5.0,703642.7557523234,23454.758525077446,71.70388670499375,69.65790883726024,64.05051528198703,58.480374804163944,0.29365219517973173,0.058730439035946345
short_shroud,stock_prop,short,off,off,12.0,848971.6620763316,28299.055402544385,71.99573131730813,69.9497534495746,64.34235989430141,58.77221941647832,0.0018075828653536519,0.00015063190544613766
short_shroud_liner,stock_prop,short,on,off,16.0,848971.6620763316,28299.055402544385,72.02272674221602,69.9767488744825,64.36935531920929,58.79921484138622,-0.02518784204252711,-0.0015742401276579443
isolation_addon,stock_prop,none,off,on,8.0,848971.6620763316,28299.055402544385,71.99731334607922,69.95124841734076,64.3435936075208,58.77301746947304,0.0005738696459616222,7.173370574520277e-05
