size_bin,median,mean,count
Tiny,,,
Small,,,
Medium,0.21434999999999998,0.31435520833333336,96.0
Large,0.5656,0.5764806250000001,160.0
